商品名稱,價格
LP iPhone7 全方位防水/雪/震/泥 保護殼-Fre(淺綠),599
【iPhone 7/8 Plus】防撞透明太空殼手機殼 保護套 防摔防刮保護殼,290
【OtterBox】iPhone 16 Pro 6.3吋 Defender XT 防禦者系列保護殼-黑透(支援MagSafe),1938
【OtterBox】iPhone 16 Pro 6.3吋 Defender XT 防禦者系列保護殼-藍透(支援MagSafe),1860
【OtterBox】iPhone 15 6.1吋 Defender 防禦者系列保護殼(黑),1410
MINIQ 立夾式涼夏桌面電風扇 可磁吸/壁掛 360°全方位吹風 三檔風速 嬰兒車充電扇 (附壁掛貼片),599
DUX DUCIS SAMSUNG S25 SKIN Pro 皮套,320
SP 廣穎 256GB B32 USB 3.2 Gen 1 隨身碟,499
茂喜進口嚴選商品-爆米花(非基因改造)600g/包,89
【OtterBox】iPhone 15 Pro Max 6.7吋 Symmetry Plus 炫彩幾何保護殼-黑(支援MagSafe),1210
【馬來西亞游建好】肉骨茶-片裝,108
NILLKIN SAMSUNG Z Fold 6 5G 磨砂護盾 Fold 磁吸保護殼,990
NILLKIN OPPO Find N3 磨砂護盾 Prop 保護殼,850
【液態矽膠殼】iPhone 15 Pro 手機殼 i15 Pro 保護殼 矽膠 軟殼 (紅),490
鐵三角 ATH-M30x 專業監聽 耳罩式耳機 音質清晰,2500
【OtterBox】iPhone 16 Pro Max 6.9吋 Symmetry 炫彩幾何保護殼-透(附相機控制感應),1697
Edelkrone Tilt Module for HeadONE v4 電控雲台專用L支架,4930
【OtterBox】iPhone 16 6.1吋 Defender XT 防禦者系列保護殼-黑透(支援MagSafe),1860
CANON EOS R50 V + RF-S14-30mm f/4-6.3 IS STM PZ 黑色 公司貨,27900
OB iPhone 11 Pro Commuter通勤者系列保護殼-黑,199
超級SP大口吃鮮肉罐 400gx24入,830
NILLKIN 小米 15 5G 冰空 Prop 磁吸保護殼(鏡框),650
【DIBOTE迪伯特】高強度鋁合金直柄三節式登山杖 (236) - 藍,289
【味榮】原生昆布65g,105
【DIBOTE迪伯特】高強度鋁合金 彎柄三節式登山杖 (237) - 銀,289
【Kworld 廣寰】入耳式電競音樂耳麥777,69
【Body Goals】多效乳清蛋白飲-咖啡拿鐵口味 隨手包12入組(31g/包，12包/盒),508
UIBI 20W 迷你快充 (莫蘭粉）,560
【Farmina 法米納】N&D 天然熱帶水果系列（FTD）犬用 1.5kg (狗飼料),760
Kingston 金士頓 NV3 2TB M.2 2230 NVMe SSD 固態硬碟 (SNV3SM3/2T0),3528
澳佳寶Blackmores陽光 維生素D3 400IU(90顆),539
日本 Skater PDSH5 吸管水壺專用配件480ml(8127),159
賓漢針織平口褲(紅色3入),299
【Farmina 法米納】N&D 天然頂級無榖系列（GC）貓用 1.5kg (貓飼料),1196
象印*4公升* SuperVE真空省電微電腦電動熱水瓶(CV-WFF40),4990
《廣吉》咖啡豆(口味多選/包)(454g),229
"【泡舒】泡舒洗潔精1000g (綠茶去油除腥,檸檬去味清新,小蘇打三款任選)",86
【Sanhuo】參活免安裝設計便攜式無線洗衣機/洗衣杯(內衣褲/襪子專用),1290
Apple Watch SE GPS 40 mm銀色鋁製錶殼,7900
【WIDE VIEW】LED泛/聚光多功能頭燈(NZL-1804-A),449
iMac 24 吋 4.5K Retina 顯示器 M4 晶片配備 8 核心 CPU8 核心 GPU 與 16 核心 16GB 記憶體 256GB SSD,44900
SIGMA 28-70mm F2.8 DG DN Contemporary 公司貨,20490
西雅圖 濃淬咖啡球(口味任選/盒),469
Canon RF-S 55-210mm F5-7.1 IS STM (平輸-白盒),9590
SP 廣穎 64GB Ultima II I-Series USB 2.0 隨身碟 綠,135
Mac mini Apple M4 晶片配備 10 核心 CPU、10 核心 GPU、16 核心 24GB記憶體 512GB SSD,33900
OB+POP iPhone 11 Symmetry 炫彩幾何泡泡騷保護殼-紫,399
"MAGEASY 2024 iPhone, 三鏡頭, 大尺寸, Odyssey 超軍規防摔手機殼",490
【iPhone 12 Pro Max】防撞透明太空殼手機殼 保護套 防摔防刮保護殼,290
雷達 超智慧薄型液體電蚊香器 (1機+41ml×1瓶) 三款任選,199
